{
	"info": {
		"_postman_id": "70b2cdd1-ff47-4f24-8198-d07e1fe6b72f",
		"name": "Sprint 1",
		"schema": "https://schema.getpostman.com/json/collection/v2.1.0/collection.json",
		"_exporter_id": "22559945"
	},
	"item": [
		{
			"name": "US 0005 - Dar de alta publicación (1)",
			"request": {
				"method": "POST",
				"header": [],
				"body": {
					"mode": "raw",
					"raw": "{\n    \"user_id\": \"1111\",\n    \"date\": \"2022-08-10\",\n    \"product\": {\n        \"product_id\": 23232,\n        \"product_name\": \"Mouse\",\n        \"type\": \"Tech\",\n        \"brand\": \"Apple\",\n        \"color\": \"White\",\n        \"notes\": \"new\"\n    },\n    \"category\": \"120\",\n    \"price\": 2000\n}",
					"options": {
						"raw": {
							"language": "json"
						}
					}
				},
				"url": {
					"raw": "http://localhost:8080/products/post",
					"protocol": "http",
					"host": [
						"localhost"
					],
					"port": "8080",
					"path": [
						"products",
						"post"
					]
				}
			},
			"response": []
		},
		{
			"name": "US 0001 - Acción follow (2)",
			"request": {
				"method": "POST",
				"header": [],
				"url": {
					"raw": "http://localhost:8080/users/2222/follow/1111",
					"protocol": "http",
					"host": [
						"localhost"
					],
					"port": "8080",
					"path": [
						"users",
						"2222",
						"follow",
						"1111"
					]
				}
			},
			"response": []
		},
		{
			"name": "US 0007 - Acción unfollow (3)",
			"request": {
				"method": "POST",
				"header": [],
				"url": {
					"raw": "http://localhost:8080/users/3333/unfollow/1111",
					"protocol": "http",
					"host": [
						"localhost"
					],
					"port": "8080",
					"path": [
						"users",
						"3333",
						"unfollow",
						"1111"
					]
				}
			},
			"response": []
		},
		{
			"name": "US 0002 - Obtener cantidad de usuarios que siguen a determinado vendedor (4)",
			"request": {
				"method": "GET",
				"header": [],
				"url": {
					"raw": "localhost:8080/users/1111/followers/count",
					"host": [
						"localhost"
					],
					"port": "8080",
					"path": [
						"users",
						"1111",
						"followers",
						"count"
					]
				}
			},
			"response": []
		},
		{
			"name": "US 0003: Seguidores de un vendedor (Sin orden)",
			"request": {
				"method": "GET",
				"header": [],
				"url": {
					"raw": "http://localhost:8080/users/1111/followers/list",
					"protocol": "http",
					"host": [
						"localhost"
					],
					"port": "8080",
					"path": [
						"users",
						"1111",
						"followers",
						"list"
					]
				}
			},
			"response": []
		},
		{
			"name": "US 0008 - Seguidores  y seguidos de un vendedor en orden (descendente)",
			"request": {
				"method": "GET",
				"header": [],
				"url": {
					"raw": "http://localhost:8080/users/1111/followers/list?order=name_desc",
					"protocol": "http",
					"host": [
						"localhost"
					],
					"port": "8080",
					"path": [
						"users",
						"1111",
						"followers",
						"list"
					],
					"query": [
						{
							"key": "order",
							"value": "name_desc"
						}
					]
				}
			},
			"response": []
		},
		{
			"name": "US 0008 - Seguidores  y seguidos de un vendedor en orden (ascendente)",
			"request": {
				"method": "GET",
				"header": [],
				"url": {
					"raw": "http://localhost:8080/users/2222/followed/list?order=name_asc",
					"protocol": "http",
					"host": [
						"localhost"
					],
					"port": "8080",
					"path": [
						"users",
						"2222",
						"followed",
						"list"
					],
					"query": [
						{
							"key": "order",
							"value": "name_asc"
						}
					]
				}
			},
			"response": []
		},
		{
			"name": "US 0004 - Los seguidos de un usuario",
			"request": {
				"method": "GET",
				"header": [],
				"url": {
					"raw": "http://localhost:8080/users/2222/followed/list",
					"protocol": "http",
					"host": [
						"localhost"
					],
					"port": "8080",
					"path": [
						"users",
						"2222",
						"followed",
						"list"
					]
				}
			},
			"response": []
		},
		{
			"name": "US 0006 - Publicaciones realizadas por vendedores",
			"request": {
				"method": "GET",
				"header": [],
				"url": {
					"raw": "http://localhost:8080/products/followed/2222/list",
					"protocol": "http",
					"host": [
						"localhost"
					],
					"port": "8080",
					"path": [
						"products",
						"followed",
						"2222",
						"list"
					]
				}
			},
			"response": []
		},
		{
			"name": "US 0009 - Ordenamiento por fecha descendente",
			"request": {
				"method": "GET",
				"header": [],
				"url": {
					"raw": "http://localhost:8080/products/followed/2222/list?order=date_desc",
					"protocol": "http",
					"host": [
						"localhost"
					],
					"port": "8080",
					"path": [
						"products",
						"followed",
						"2222",
						"list"
					],
					"query": [
						{
							"key": "order",
							"value": "date_desc"
						}
					]
				}
			},
			"response": []
		},
		{
			"name": "US 0009 - Ordenamiento por fecha asecendente",
			"request": {
				"method": "GET",
				"header": [],
				"url": {
					"raw": "http://localhost:8080/products/followed/2222/list?order=date_asc",
					"protocol": "http",
					"host": [
						"localhost"
					],
					"port": "8080",
					"path": [
						"products",
						"followed",
						"2222",
						"list"
					],
					"query": [
						{
							"key": "order",
							"value": "date_asc"
						}
					]
				}
			},
			"response": []
		}
	]
}