{
	"info": {
		"_postman_id": "bcda02b9-5ba2-425e-9952-37609effec3e",
		"name": "QaTester",
		"schema": "https://schema.getpostman.com/json/collection/v2.1.0/collection.json"
	},
	"item": [
		{
			"name": "Post Test Case",
			"request": {
				"method": "POST",
				"header": [
					{
						"key": "",
						"value": "",
						"type": "text"
					}
				],
				"body": {
					"mode": "raw",
					"raw": "{\n    \"description\":\"Una descripcion que no cumple\",\n    \"tested\": true,\n    \"passed\":true,\n    \"number_of_tries\":1,\n    \"last_update\": \"2021-08-31\"\n}",
					"options": {
						"raw": {
							"language": "json"
						}
					}
				},
				"url": {
					"raw": "localhost:8080/api/testcases/new",
					"host": [
						"localhost"
					],
					"port": "8080",
					"path": [
						"api",
						"testcases",
						"new"
					]
				}
			},
			"response": []
		},
		{
			"name": "Get All Test Cases",
			"request": {
				"method": "GET",
				"header": [],
				"url": {
					"raw": "localhost:8080/api/testcases",
					"host": [
						"localhost"
					],
					"port": "8080",
					"path": [
						"api",
						"testcases"
					]
				}
			},
			"response": []
		},
		{
			"name": "Get By Id",
			"request": {
				"method": "GET",
				"header": [],
				"url": {
					"raw": "localhost:8080/api/testcases/5",
					"host": [
						"localhost"
					],
					"port": "8080",
					"path": [
						"api",
						"testcases",
						"5"
					]
				}
			},
			"response": []
		},
		{
			"name": "Update Test Case",
			"request": {
				"method": "PUT",
				"header": [],
				"body": {
					"mode": "raw",
					"raw": "{\n    \"description\":\"Una nueva descripcion\",\n    \"tested\": true,\n    \"passed\":true,\n    \"number_of_tries\":1,\n    \"last_update\": \"2022-08-31\"\n}",
					"options": {
						"raw": {
							"language": "json"
						}
					}
				},
				"url": {
					"raw": "localhost:8080/api/testcases/5",
					"host": [
						"localhost"
					],
					"port": "8080",
					"path": [
						"api",
						"testcases",
						"5"
					]
				}
			},
			"response": []
		},
		{
			"name": "Delete Test Case",
			"request": {
				"method": "DELETE",
				"header": [],
				"url": {
					"raw": "localhost:8080/api/testcases/5",
					"host": [
						"localhost"
					],
					"port": "8080",
					"path": [
						"api",
						"testcases",
						"5"
					]
				}
			},
			"response": []
		},
		{
			"name": "Get Test Case By Date",
			"request": {
				"method": "GET",
				"header": [],
				"url": {
					"raw": "localhost:8080/api/testcases?last_update=10-08-2022",
					"host": [
						"localhost"
					],
					"port": "8080",
					"path": [
						"api",
						"testcases"
					],
					"query": [
						{
							"key": "last_update",
							"value": "10-08-2022"
						}
					]
				}
			},
			"response": []
		}
	]
}