{
	"info": {
		"_postman_id": "cf27afd1-6485-4567-8440-e7bbc9931abb",
		"name": "Sprint I",
		"schema": "https://schema.getpostman.com/json/collection/v2.1.0/collection.json"
	},
	"item": [
		{
			"name": "Main",
			"item": [
				{
					"name": "US 01 - Follow",
					"event": [
						{
							"listen": "prerequest",
							"script": {
								"exec": [
									"pm.collectionVariables.set(\"client_id\", 1);",
									"pm.collectionVariables.set(\"seller_id\", 3);",
									""
								],
								"type": "text/javascript"
							}
						}
					],
					"request": {
						"method": "POST",
						"header": [
							{
								"key": "linkid",
								"value": "1",
								"type": "text",
								"disabled": true
							}
						],
						"url": {
							"raw": "{{url}}/users/{{client_id}}/follow/{{seller_id}}",
							"host": [
								"{{url}}"
							],
							"path": [
								"users",
								"{{client_id}}",
								"follow",
								"{{seller_id}}"
							]
						}
					},
					"response": []
				},
				{
					"name": "US 02 - Count Followers",
					"event": [
						{
							"listen": "prerequest",
							"script": {
								"exec": [
									"pm.collectionVariables.set(\"seller_id\", 2);"
								],
								"type": "text/javascript"
							}
						},
						{
							"listen": "test",
							"script": {
								"exec": [
									""
								],
								"type": "text/javascript"
							}
						}
					],
					"request": {
						"method": "GET",
						"header": [],
						"url": {
							"raw": "{{url}}/users/{{seller_id}}/followers/count",
							"host": [
								"{{url}}"
							],
							"path": [
								"users",
								"{{seller_id}}",
								"followers",
								"count"
							]
						}
					},
					"response": []
				},
				{
					"name": "US 03 - Followers / US 08",
					"event": [
						{
							"listen": "prerequest",
							"script": {
								"exec": [
									"pm.collectionVariables.set(\"seller_id\", 2);"
								],
								"type": "text/javascript"
							}
						}
					],
					"request": {
						"method": "GET",
						"header": [],
						"url": {
							"raw": "{{url}}/users/{{seller_id}}/followers/list?order=name_asc",
							"host": [
								"{{url}}"
							],
							"path": [
								"users",
								"{{seller_id}}",
								"followers",
								"list"
							],
							"query": [
								{
									"key": "order",
									"value": "name_asc"
								},
								{
									"key": "order",
									"value": "name_desc",
									"disabled": true
								}
							]
						}
					},
					"response": []
				},
				{
					"name": "US 04 - Followed / US 08",
					"event": [
						{
							"listen": "prerequest",
							"script": {
								"exec": [
									"pm.collectionVariables.set(\"client_id\", 1);"
								],
								"type": "text/javascript"
							}
						}
					],
					"request": {
						"method": "GET",
						"header": [],
						"url": {
							"raw": "{{url}}/users/{{client_id}}/followed/list?order=name_asc",
							"host": [
								"{{url}}"
							],
							"path": [
								"users",
								"{{client_id}}",
								"followed",
								"list"
							],
							"query": [
								{
									"key": "order",
									"value": "name_asc"
								},
								{
									"key": "order",
									"value": "name_desc",
									"disabled": true
								}
							]
						}
					},
					"response": []
				},
				{
					"name": "US 05 - New Post",
					"event": [
						{
							"listen": "prerequest",
							"script": {
								"exec": [
									"pm.collectionVariables.set(\"seller_id\", 2);"
								],
								"type": "text/javascript"
							}
						}
					],
					"request": {
						"method": "POST",
						"header": [],
						"body": {
							"mode": "raw",
							"raw": "{\n    \"user_id\": \"{{seller_id}}\",\n    \"date\": \"01-08-2022\",\n    \"product\": {\n        \"product_id\": 99,\n        \"product_name\": \"Silla Gamer\",\n        \"type\": \"Gamer\",\n        \"brand\": \"Racer\",\n        \"color\": \"Red & Black\",\n        \"notes\": \"Special Edition\"\n    },\n    \"category\": 100,\n    \"price\": 1500.50\n}",
							"options": {
								"raw": {
									"language": "json"
								}
							}
						},
						"url": {
							"raw": "{{url}}/products/post",
							"host": [
								"{{url}}"
							],
							"path": [
								"products",
								"post"
							],
							"query": [
								{
									"key": "clientId",
									"value": "5001",
									"disabled": true
								}
							]
						}
					},
					"response": []
				},
				{
					"name": "US 06 - Seller's posts / US 09",
					"event": [
						{
							"listen": "prerequest",
							"script": {
								"exec": [
									"pm.collectionVariables.set(\"client_id\", 1);"
								],
								"type": "text/javascript"
							}
						}
					],
					"request": {
						"method": "GET",
						"header": [],
						"url": {
							"raw": "{{url}}/products/followed/{{client_id}}/list?order=date_asc",
							"host": [
								"{{url}}"
							],
							"path": [
								"products",
								"followed",
								"{{client_id}}",
								"list"
							],
							"query": [
								{
									"key": "order",
									"value": "date_desc",
									"disabled": true
								},
								{
									"key": "order",
									"value": "date_asc"
								}
							]
						}
					},
					"response": []
				},
				{
					"name": "US 07 - Unfollow",
					"event": [
						{
							"listen": "prerequest",
							"script": {
								"exec": [
									"pm.collectionVariables.set(\"seller_id\", 2);",
									"pm.collectionVariables.set(\"client_id\", 1);"
								],
								"type": "text/javascript"
							}
						}
					],
					"request": {
						"method": "POST",
						"header": [],
						"url": {
							"raw": "{{url}}/users/{{client_id}}/unfollow/{{seller_id}}",
							"host": [
								"{{url}}"
							],
							"path": [
								"users",
								"{{client_id}}",
								"unfollow",
								"{{seller_id}}"
							]
						}
					},
					"response": []
				}
			]
		}
	],
	"event": [
		{
			"listen": "prerequest",
			"script": {
				"type": "text/javascript",
				"exec": [
					""
				]
			}
		},
		{
			"listen": "test",
			"script": {
				"type": "text/javascript",
				"exec": [
					""
				]
			}
		}
	],
	"variable": [
		{
			"key": "url",
			"value": "http://localhost:8080"
		},
		{
			"key": "client_id",
			"value": 1
		},
		{
			"key": "seller_id",
			"value": 3
		}
	]
}