{
	"info": {
		"_postman_id": "6346e795-9254-436c-9711-a78e57aa38b3",
		"name": "Sprint1",
		"schema": "https://schema.getpostman.com/json/collection/v2.1.0/collection.json",
		"_exporter_id": "22562804"
	},
	"item": [
		{
			"name": "US0001",
			"request": {
				"method": "POST",
				"header": [],
				"url": {
					"raw": "localhost:8080/users/2/follow/1",
					"host": [
						"localhost"
					],
					"port": "8080",
					"path": [
						"users",
						"2",
						"follow",
						"1"
					]
				}
			},
			"response": []
		},
		{
			"name": "US0002",
			"request": {
				"method": "GET",
				"header": [],
				"url": {
					"raw": "localhost:8080/users/1/followers/count",
					"host": [
						"localhost"
					],
					"port": "8080",
					"path": [
						"users",
						"1",
						"followers",
						"count"
					]
				}
			},
			"response": []
		},
		{
			"name": "US0003 & US0008",
			"request": {
				"method": "GET",
				"header": [],
				"url": {
					"raw": "localhost:8080/users/1/followers/list",
					"host": [
						"localhost"
					],
					"port": "8080",
					"path": [
						"users",
						"1",
						"followers",
						"list"
					],
					"query": [
						{
							"key": "order",
							"value": "name_desc",
							"disabled": true
						},
						{
							"key": "order",
							"value": "name_asc",
							"disabled": true
						}
					]
				}
			},
			"response": []
		},
		{
			"name": "US0004 & US0008",
			"request": {
				"method": "GET",
				"header": [],
				"url": {
					"raw": "localhost:8080/users/2/followed/list",
					"host": [
						"localhost"
					],
					"port": "8080",
					"path": [
						"users",
						"2",
						"followed",
						"list"
					],
					"query": [
						{
							"key": "order",
							"value": "name_desc",
							"disabled": true
						},
						{
							"key": "order",
							"value": "name_asc",
							"disabled": true
						}
					]
				}
			},
			"response": []
		},
		{
			"name": "US0005",
			"request": {
				"method": "POST",
				"header": [],
				"body": {
					"mode": "raw",
					"raw": "{\n    \"user_id\": 1,\n    \"date\": \"01-08-2022\",\n    \"product\": {\n        \"product_id\": 11,\n        \"product_name\": \"Silla Gamer\",\n        \"type\": \"Gamer\",\n        \"brand\": \"Racer\",\n        \"color\": \"Red & Black\",\n        \"notes\": \"Special Edition\"\n    },\n    \"category\": 100,\n    \"price\": 1500.50\n}",
					"options": {
						"raw": {
							"language": "json"
						}
					}
				},
				"url": {
					"raw": "localhost:8080/products/post",
					"host": [
						"localhost"
					],
					"port": "8080",
					"path": [
						"products",
						"post"
					]
				}
			},
			"response": []
		},
		{
			"name": "US0006 & US0009",
			"request": {
				"method": "GET",
				"header": [],
				"url": {
					"raw": "localhost:8080/products/followed/2/list",
					"host": [
						"localhost"
					],
					"port": "8080",
					"path": [
						"products",
						"followed",
						"2",
						"list"
					],
					"query": [
						{
							"key": "order",
							"value": "date_desc",
							"disabled": true
						},
						{
							"key": "order",
							"value": "date_asc",
							"disabled": true
						}
					]
				}
			},
			"response": []
		},
		{
			"name": "US0007",
			"request": {
				"method": "POST",
				"header": [],
				"url": {
					"raw": "localhost:8080/users/1/unfollow/3",
					"host": [
						"localhost"
					],
					"port": "8080",
					"path": [
						"users",
						"1",
						"unfollow",
						"3"
					]
				}
			},
			"response": []
		},
		{
			"name": "US0010 (I)",
			"request": {
				"method": "POST",
				"header": [],
				"body": {
					"mode": "raw",
					"raw": "{\n    \"user_id\": 1,\n    \"date\": \"10-08-2022\",\n    \"product\": {\n        \"product_id\": 1,\n        \"product_name\": \"Silla Gamer\",\n        \"type\": \"Gamer\",\n        \"brand\": \"Racer\",\n        \"color\": \"Red & Black\",\n        \"notes\": \"Special Edition\"\n    },\n    \"category\": 100,\n    \"price\": 1500.50,\n    \"has_promo\": true,\n    \"discount\": 0.25\n}\n",
					"options": {
						"raw": {
							"language": "json"
						}
					}
				},
				"url": {
					"raw": "localhost:8080/products/promo-post",
					"host": [
						"localhost"
					],
					"port": "8080",
					"path": [
						"products",
						"promo-post"
					]
				}
			},
			"response": []
		},
		{
			"name": "US0011 (I)",
			"request": {
				"method": "GET",
				"header": [],
				"url": {
					"raw": "localhost:8080/products/promo-post/count?user_id=1",
					"host": [
						"localhost"
					],
					"port": "8080",
					"path": [
						"products",
						"promo-post",
						"count"
					],
					"query": [
						{
							"key": "user_id",
							"value": "1"
						}
					]
				}
			},
			"response": []
		},
		{
			"name": "US0012 (I) (B)",
			"request": {
				"method": "GET",
				"header": [],
				"url": {
					"raw": "localhost:8080/products/promo-post/list?user_id=1",
					"host": [
						"localhost"
					],
					"port": "8080",
					"path": [
						"products",
						"promo-post",
						"list"
					],
					"query": [
						{
							"key": "user_id",
							"value": "1"
						}
					]
				}
			},
			"response": []
		}
	]
}