{
	"info": {
		"_postman_id": "6c5219ef-d072-4575-889b-df884f5b2e34",
		"name": "Seguros",
		"schema": "https://schema.getpostman.com/json/collection/v2.1.0/collection.json"
	},
	"item": [
		{
			"name": "Get All Vehiculos",
			"request": {
				"method": "GET",
				"header": [],
				"url": {
					"raw": "localhost:8080/vehiculos/todos",
					"host": [
						"localhost"
					],
					"port": "8080",
					"path": [
						"vehiculos",
						"todos"
					]
				}
			},
			"response": []
		},
		{
			"name": "Get All Patentes y Marcas",
			"request": {
				"method": "GET",
				"header": [],
				"url": null
			},
			"response": []
		},
		{
			"name": "Get All Patentes Vehiculos Mas de 4 ruedas y Fabricados en el anio corriente",
			"request": {
				"method": "GET",
				"header": [],
				"url": null
			},
			"response": []
		}
	]
}